{
  "toggle_mod": true,
  "animation_speed": 140,
  "curve_points": [
    [
      0.19921875,
      0.51600283
    ],
    [
      0.48046875,
      0.9150071
    ]
  ]
}